GROW ID,課題設定,解決意向,創造性,論理的思考,疑う力,個人的実行力,内的価値,ヴィジョン,自己効力,成長,興味,耐性,感情コントロール,決断力,表現力,共感・傾聴力,外交性,柔軟性,寛容,影響力の行使,情熱・宣教力,組織への働きかけ,地球市民,組織へのコミットメント,誠実さ,課題設定（自己評価）,解決意向（自己評価）,創造性（自己評価）,論理的思考（自己評価）,疑う力（自己評価）,個人的実行力（自己評価）,内的価値（自己評価）,ヴィジョン（自己評価）,自己効力（自己評価）,成長（自己評価）,興味（自己評価）,耐性（自己評価）,感情コントロール（自己評価）,決断力（自己評価）,表現力（自己評価）,共感・傾聴力（自己評価）,外交性（自己評価）,柔軟性（自己評価）,寛容（自己評価）,影響力の行使（自己評価）,情熱・宣教力（自己評価）,組織への働きかけ（自己評価）,地球市民（自己評価）,組織へのコミットメント（自己評価）,誠実さ（自己評価）,deadline_date,course_id
F10000042,81.20802677686385,50.51664276914996,70.3179512751769,63.82184304967681,65.67810321479963,78.12099100957474,70.65237016506958,51.73336850190205,54.75252623316191,80.32201649783417,48.88868019252957,80.6870435761379,66.70638145739957,61.5590106813305,68.11744438100921,71.67571988011265,66.48894482464038,72.894594131741,77.40499251542678,72.75424713601565,66.59036662197933,76.66870384575462,47.04333083131621,62.773960113190334,55.98665706641142,80.39297679165065,79.8753653618603,74.02805725955238,68.52973138238318,68.77712082311632,62.754487239654544,82.78531936552346,44.47565204567661,85.19816139572346,71.54298303931199,65.11956382541429,91.60528176443175,69.9024715022033,59.50339081184054,86.19415449373075,81.09379196701059,85.77248461676245,85.70199253704622,75.63690389965562,74.81801872626359,73.88297370387582,73.90259581851964,37.55361647564905,87.5967835701914,66.56315436471989,2024-10-28,F1042-01
F10000030,49.32488737751774,33.98635848332257,45.36142695259022,28.617860871843835,34.28722138865109,54.710731027989354,60.03660644955354,54.22407211588038,40.41053908698765,64.2067467985873,33.51844397451205,53.844518225875,41.32166795640843,39.78221540881655,41.9819102273944,61.65457191766509,79.13798881956387,48.21445217263646,57.524201703005716,59.49881121941553,44.61595662237698,64.28336209349473,45.53050637220675,57.44004643872105,58.44218119404168,47.05964345831731,46.542032028526954,49.02805725955238,35.19639804904984,52.11045415644966,46.08782057298789,57.78531936552348,52.80898537900995,35.198161395723474,46.542983039312,31.78623049208097,66.60528176443175,53.23580483553664,42.83672414517388,61.19415449373075,81.09379196701059,69.10581795009578,52.36865920371287,67.30357056632228,74.81801872626359,65.54964037054249,57.23592915185298,37.55361647564905,62.59678357019141,66.56315436471989,2024-10-28,F1042-01
F10000011,66.37854041883122,47.90933220310679,43.33025357462723,58.61702158965429,66.15182566727366,62.38693900883731,56.53390088129339,57.67670508673304,47.466923896145154,71.50704454637281,51.77144178334855,70.62422915535855,69.07966723040585,52.391965440282604,59.16192701740472,67.37396989974532,48.79734400313576,60.25247627604554,75.63570489186256,53.05458963295147,58.09792471706855,66.61235411818997,49.11685117502004,58.96080032065178,57.43993008976733,63.72631012498399,54.8753653618603,65.69472392621905,51.86306471571652,77.11045415644966,62.754487239654544,57.78531936552348,52.80898537900995,60.198161395723474,46.542983039312,73.45289715874763,83.27194843109842,86.56913816886997,42.83672414517388,61.19415449373075,97.76045863367726,52.43915128342913,52.36865920371287,92.3035705663223,41.484685392930245,57.21630703720916,48.90259581851964,54.22028314231573,54.26345023685808,49.896487698053235,2024-10-28,F1042-01
F10000053,43.27101242414517,35.701723711930384,30.981177792967515,38.49748349067789,55.747595724038604,58.23590474907902,56.19946494058736,43.54284551076916,35.507534279414386,58.042998842302595,30.324768375502593,65.81735272988008,75.27673038792544,40.5809998252457,42.82318883832873,51.93932475729816,39.8898978198286,60.75488714069886,79.89593862256416,34.533862880772055,44.93205511175349,51.25307936976659,47.727129501821096,53.430669276077204,62.362267694788386,72.05964345831731,63.20869869519363,49.02805725955238,43.52973138238318,102.11045415644966,46.08782057298789,74.45198603219013,36.14231871234327,26.864828062390135,38.209649705978656,56.78623049208097,74.93861509776508,86.56913816886997,42.83672414517388,36.19415449373075,72.76045863367726,60.77248461676247,60.701992537046195,92.3035705663223,24.81801872626359,48.88297370387582,32.23592915185298,54.22028314231573,79.26345023685808,74.89648769805324,2024-10-28,F1042-01
F10000025,66.60010278363254,38.80151292056536,51.67721143344567,76.47133770315308,63.42727721256988,58.18539882411462,61.51072004064929,58.113968894512425,52.868448972509086,51.89746126321039,60.333658153878936,67.09233595629733,82.56929853762875,48.64573029119958,71.36158047665418,71.17747283431964,64.48153887051751,66.56212817267962,72.47174665278035,61.79730858703512,46.48713057627442,53.55396800279977,49.38164594834592,59.48492179634834,41.24156114539066,80.39297679165065,63.20869869519363,74.02805725955238,60.19639804904984,60.443787489783,54.42115390632122,74.45198603219013,44.47565204567661,76.86482806239013,46.542983039312,56.78623049208097,83.27194843109842,78.23580483553664,59.50339081184054,69.52748782706408,22.760458633677253,69.10581795009578,85.70199253704622,83.97023723298895,74.81801872626359,65.54964037054249,65.5692624851863,37.55361647564905,70.93011690352473,74.89648769805324,2024-10-28,F1042-01
F10000040,96.96003609035674,77.30066521022556,75.10193204261736,85.68397259194911,78.97799726021488,85.94068878455282,91.80674891376185,65.79186018453169,66.82164639342326,68.14474672970536,59.179889215298225,83.59877015716349,78.64152757236138,77.72714690412872,74.52451235530397,80.81125944325834,70.35086058326459,83.20204088151642,93.72993171458262,83.13941352989251,79.8498208887303,86.71237913991455,68.8630342259541,72.50822902740381,72.48874484278231,63.72631012498399,54.8753653618603,65.69472392621905,43.52973138238318,52.11045415644966,46.08782057298789,57.78531936552348,44.47565204567661,51.86482806239014,46.542983039312,48.45289715874763,58.27194843109842,53.23580483553664,42.83672414517388,52.86082116039742,47.76045863367725,52.43915128342913,44.03532587037954,58.97023723298896,49.81801872626359,73.88297370387582,57.23592915185298,70.8869498089824,79.26345023685808,74.89648769805324,2024-10-28,F1042-01
F10000013,70.3696068508787,51.78379776173434,59.54996143985625,75.09922828070346,69.0164665092497,64.70203378245176,71.98748996381498,54.81864238542581,58.34003492809683,71.78554691428046,66.16729445432537,80.21562888292088,81.71803734719838,59.2826522251112,70.52183177351449,61.395289526871615,50.07298832730679,68.4522724096079,75.85761855545563,73.06420465898938,56.29654747714224,65.60288197581296,59.78488631619746,73.53801535819122,61.64426646661926,72.05964345831731,71.54203202852696,65.69472392621905,68.52973138238318,77.11045415644966,62.754487239654544,57.78531936552348,52.80898537900995,68.53149472905679,63.209649705978656,73.45289715874763,83.27194843109842,78.23580483553664,51.17005747850722,61.19415449373075,72.76045863367726,52.43915128342913,60.701992537046195,75.63690389965562,66.48468539293025,57.21630703720916,65.5692624851863,54.22028314231573,79.26345023685808,66.56315436471989,2024-10-28,F1042-01
F10000007,53.29713142713684,37.682279169267964,52.248228676636465,55.99735522676889,58.9378365624906,60.85696055395709,55.23900778717038,63.764502823740656,41.14218061695897,78.15814102244462,69.56692168546624,57.681348117189174,54.08069294581277,46.012260644405906,58.96976823792671,63.83403668337062,62.89569284211657,64.15933011625657,65.85155060426543,47.55079839539066,46.22595284541091,53.398419759232716,58.63011899643094,53.704023421475796,57.84270197750128,63.72631012498399,63.20869869519363,65.69472392621905,35.19639804904984,52.11045415644966,71.0878205729879,66.11865269885679,52.80898537900995,60.198161395723474,96.54298303931199,90.11956382541432,108.27194843109842,61.569138168869976,51.17005747850722,61.19415449373075,81.09379196701059,102.43915128342913,60.701992537046195,92.3035705663223,58.151352059596924,98.88297370387585,65.5692624851863,87.55361647564908,95.93011690352476,33.22982103138657,2024-10-28,F1042-01
F10000021,73.59457208638963,48.0690308643674,62.85060658781148,70.96546137589631,70.02308697884504,69.5544677262335,65.50226835548719,55.88369003110749,44.76306369243923,64.13688375954186,73.75884530961622,77.7680251196639,68.5686590097463,66.87328517229858,43.27630774237222,65.47578927722148,42.003337034562975,71.39935713928509,84.44997694187735,66.14146528144732,71.46020685175817,65.23774828376932,59.82493016113692,68.9121592081979,56.24028870484055,55.39297679165065,54.8753653618603,57.36139059288572,35.19639804904984,35.443787489783,37.754487239654544,49.45198603219014,36.14231871234327,51.86482806239014,38.209649705978656,65.11956382541429,66.60528176443175,53.23580483553664,34.50339081184054,44.52748782706408,47.76045863367725,35.77248461676247,44.03532587037954,67.30357056632228,41.484685392930245,48.88297370387582,57.23592915185298,54.22028314231573,62.59678357019141,58.22982103138657,2024-10-28,F1042-01
F10000001,55.35125652797635,42.97358129952109,38.77165281083381,59.486168949232564,72.03705092138266,67.27869966435685,57.4798148110067,42.61537072438078,45.039055138214025,64.73562351548968,63.68020752143385,82.05744193620971,69.07010825590379,54.26051818784833,55.78918683888744,73.15176178002655,38.66880964815864,78.03074147373643,88.37716729369788,50.688517678288946,54.17656719105522,52.075502985619956,65.89046591816317,72.22869791199385,55.0870612422663,55.39297679165065,54.8753653618603,65.69472392621905,43.52973138238318,60.443787489783,71.0878205729879,49.45198603219014,44.47565204567661,60.198161395723474,54.876316372645334,56.78623049208097,66.60528176443175,69.9024715022033,42.83672414517388,52.86082116039742,64.42712530034392,44.10581795009579,69.03532587037954,50.63690389965562,24.81801872626359,48.88297370387582,32.23592915185298,45.88694980898239,54.26345023685808,33.22982103138657,2024-10-28,F1042-01
F10000047,82.17834839762004,61.88597799258731,79.44033786499803,81.18569596535622,74.77933076569933,84.73567112384018,84.75492936025437,67.6059429717811,68.24524587039336,84.64586654642011,78.2108530279265,93.06983598528555,65.50677227153567,84.34684450023414,81.61505318231771,77.26068134709908,82.46635197522511,76.00113294459592,88.39366216103772,95.60253847155889,76.39775515459556,83.00013520265223,60.18264909846195,82.04413033679634,75.6909153809452,63.72631012498399,46.542032028526954,57.36139059288572,43.52973138238318,60.443787489783,54.42115390632122,74.45198603219013,36.14231871234327,51.86482806239014,38.209649705978656,48.45289715874763,66.60528176443175,69.9024715022033,59.50339081184054,69.52748782706408,56.09379196701059,60.77248461676247,60.701992537046195,75.63690389965562,49.81801872626359,73.88297370387582,57.23592915185298,62.55361647564905,70.93011690352473,58.22982103138657,2024-10-28,F1042-01
F10000043,52.7571004614474,33.19564319523965,37.35589526268424,41.551248153787604,47.50543255888273,58.64252026269596,57.9309649752162,51.37976213858959,36.36279336109315,58.425120896454345,45.88198094192529,56.49883251233313,67.7597852771078,44.87112556591433,47.04047477274243,49.73932856945332,54.42170711917124,38.2386282488142,66.05300545503106,44.76748255892315,40.66363762779797,52.67753911999554,41.09414080443393,50.86689999226487,55.14104968002424,55.39297679165065,79.8753653618603,40.694723926219055,43.52973138238318,77.11045415644966,87.75448723965458,49.45198603219014,44.47565204567661,43.531494729056796,71.54298303931199,56.78623049208097,99.93861509776511,61.569138168869976,34.50339081184054,61.19415449373075,64.42712530034392,94.10581795009581,69.03532587037954,83.97023723298895,49.81801872626359,65.54964037054249,57.23592915185298,37.55361647564905,70.93011690352473,49.896487698053235,2024-10-28,F1042-01
F10000012,42.41898506289679,20.156269470894216,19.122580439754596,34.53981248176199,36.38047991119747,36.352938525150485,58.74832155346623,43.32766450191336,10.03081487673403,64.49459229704254,49.73187097433689,43.05536541064908,75.4661823773373,24.6212230277183,50.12456723379664,65.30829005258836,62.04456256144518,48.73916512706569,91.05127057398369,28.12356607382388,32.162028937080734,39.11360112712493,51.54881091392516,54.19210311937299,56.98625505257508,38.72631012498399,29.875365361860297,49.02805725955238,18.52973138238318,35.443787489783,37.754487239654544,41.1186526988568,36.14231871234327,26.864828062390135,46.542983039312,40.11956382541429,49.93861509776508,44.9024715022033,17.836724145173882,27.860821160397418,47.76045863367725,44.10581795009579,27.368659203712873,50.63690389965562,-0.18198127373641168,65.54964037054249,32.23592915185298,37.55361647564905,54.26345023685808,49.896487698053235,2024-10-28,F1042-01
F10000008,61.38221128776686,53.28078967404729,43.8338230933189,55.04034661655459,50.26433540655157,78.98025372385887,70.55416621479733,66.5417114978912,52.98539917684458,97.79386282281725,61.087099167646834,77.91870624850843,79.31519745555438,55.350641590667145,63.12403536739618,68.59818715885167,65.40184865571274,68.08644371248278,93.28362305434723,60.44593449206489,70.71975432399958,69.82429619975922,56.461830238329654,85.12863950183045,62.22301824032988,22.059643458317325,38.20869869519363,15.694723926219053,18.52973138238318,27.110454156449663,54.42115390632122,49.45198603219014,27.808985379009947,26.864828062390135,54.876316372645334,15.119563825414302,58.27194843109842,61.569138168869976,26.170057478507218,19.527487827064085,22.760458633677253,44.10581795009579,27.368659203712873,75.63690389965562,24.81801872626359,57.21630703720916,23.902595818519643,37.55361647564905,37.59678357019141,33.22982103138657,2024-10-28,F1042-01
F10000054,77.1970478903552,59.29037913300234,65.2351664392762,74.21008501978432,76.92021701030158,65.38807980102008,75.5722873624283,71.07130751541112,77.37812555325245,63.74800215059737,66.27719199183619,76.95652044904843,52.10250142665105,76.85721024824552,92.9043011530141,65.27712201872956,57.69314775110818,68.70821013211783,57.250015137420085,86.44920383866577,65.78263884823761,71.42734555294925,45.376937653669174,82.29836105040695,81.23833518545237,88.72631012498398,63.20869869519363,74.02805725955238,60.19639804904984,52.11045415644966,54.42115390632122,91.11865269885682,44.47565204567661,68.53149472905679,46.542983039312,65.11956382541429,66.60528176443175,44.9024715022033,76.1700574785072,102.86082116039742,64.42712530034392,52.43915128342913,52.36865920371287,58.97023723298896,99.81801872626359,82.21630703720916,65.5692624851863,37.55361647564905,95.93011690352476,91.56315436471992,2024-10-28,F1042-01
F10000024,77.84431414435215,58.55475012983543,68.56378198102799,70.13320678623919,55.87302254188708,77.68970119957153,77.20767275861064,67.30327809397795,70.43404177491418,65.60822169852199,71.67450750698669,72.568208912777,63.030127503872336,72.07532947673243,72.24959411073732,67.13865166611981,65.04932599988499,65.56928924901548,59.63804759120653,91.5774857659937,73.59148990295118,77.03260762929462,55.765477694765316,75.2523277824876,76.01953676892222,63.72631012498399,54.8753653618603,74.02805725955238,26.863064715716515,43.77712082311632,46.08782057298789,66.11865269885679,11.142318712343279,35.198161395723474,46.542983039312,48.45289715874763,41.60528176443176,11.569138168869971,42.83672414517388,44.52748782706408,14.427125300343922,27.439151283429133,52.36865920371287,58.97023723298896,16.484685392930256,23.882973703875827,40.5692624851863,54.22028314231573,70.93011690352473,41.56315436471989,2024-10-28,F1042-01
F10000051,80.24077515726063,87.4587505884642,85.38619423558922,76.21402770957226,75.45207313247275,94.69669406271532,82.552691899217,81.77010130266184,90.08487711846341,84.5638162131447,75.99770643491206,91.42993448034133,84.33814742885231,81.54763132603424,85.42370774699938,67.3407163648147,78.72724736403447,78.81564330007133,83.22549669437856,94.4132838092979,77.940379336057,78.3422813900318,72.5441611429423,86.07332623312651,75.64528454884645,105.39297679165065,88.20869869519362,82.36139059288573,93.52973138238318,93.77712082311635,87.75448723965458,99.45198603219013,77.80898537900994,101.86482806239013,96.54298303931199,90.11956382541432,99.93861509776511,94.90247150220333,92.83672414517387,86.19415449373075,81.09379196701059,94.10581795009581,94.03532587037954,92.3035705663223,91.48468539293027,90.54964037054249,90.56926248518633,87.55361647564908,104.26345023685808,99.89648769805324,2024-10-28,F1042-01
F10000018,66.15917482763588,45.799318753132404,72.2964713497662,55.36358005028141,57.283971971625675,61.45422109502852,89.2560591987883,64.1808735521481,59.55336936923561,67.25440790150567,61.65121609945884,68.10015368344274,55.09841556270305,63.25579457243119,57.54813152773391,54.308743233905155,57.78244423202912,56.58039233423372,60.81802522420793,50.617460686598434,54.19101138720735,51.27833517734333,52.59417068248642,58.0257903063468,57.94245512683841,72.05964345831731,63.20869869519363,82.36139059288573,51.86306471571652,52.11045415644966,71.0878205729879,91.11865269885682,77.80898537900994,51.86482806239014,54.876316372645334,90.11956382541432,91.60528176443175,78.23580483553664,59.50339081184054,61.19415449373075,47.76045863367725,94.10581795009581,60.701992537046195,58.97023723298896,74.81801872626359,82.21630703720916,57.23592915185298,45.88694980898239,70.93011690352473,58.22982103138657,2024-10-28,F1042-01
F10000023,23.240013777856625,13.395714179380342,25.471757398063012,29.816570643978746,43.448823568400684,45.87299696514152,42.83271062253067,30.537044964293752,41.24472681440114,41.27274318517405,18.877612223978602,53.75283140322757,57.14856194739663,38.3177524466808,35.09054561915061,44.83512255383011,31.34918645411618,37.30651558805019,66.1953798924459,27.06362748663208,27.61403231953187,23.089342638061012,35.98674663833971,38.9496211674012,37.37600874691625,55.39297679165065,88.20869869519362,57.36139059288572,43.52973138238318,93.77712082311635,87.75448723965458,82.78531936552346,61.14231871234327,76.86482806239013,71.54298303931199,81.78623049208096,91.60528176443175,78.23580483553664,67.83672414517387,77.86082116039742,81.09379196701059,52.43915128342913,77.36865920371287,83.97023723298895,33.151352059596924,65.54964037054249,32.23592915185298,79.22028314231572,62.59678357019141,74.89648769805324,2024-10-28,F1042-01
F10000037,49.81516318366549,45.95988622106171,55.812081010132566,47.2861792427693,44.3887424966063,65.13983659364597,64.47476400427256,63.17258362757214,48.62669182527094,74.87435025178476,44.62738654944671,63.53594114990634,48.5126143327729,55.840943311485624,52.86347513213833,53.9415595354936,56.23422204986443,67.05735578679472,67.10864308505501,62.64083435518107,57.70531516360573,55.05132851264522,51.92150025914784,60.14107213450218,47.833642642987684,63.72631012498399,71.54203202852696,90.69472392621905,43.52973138238318,77.11045415644966,96.0878205729879,99.45198603219013,86.1423187123433,93.53149472905682,88.20964970597868,65.11956382541429,91.60528176443175,78.23580483553664,92.83672414517387,94.5274878270641,47.76045863367725,102.43915128342913,85.70199253704622,83.97023723298895,91.48468539293027,107.21630703720916,90.56926248518633,87.55361647564908,104.26345023685808,99.89648769805324,2024-10-28,F1042-01
F10000002,89.78837691623676,54.31414622654655,57.7746882276938,68.17005454914533,65.21052792622301,68.92264733425662,78.16624745494433,62.360492183429635,48.5193359390034,77.65073997511534,68.92563538484049,70.22929079673939,44.545244242472435,68.36450471170224,65.44740046432598,69.34738010923554,63.22823884226691,58.17699963465678,72.16097915352651,77.35511321284966,52.92441774824604,67.8475778871259,74.33330960424351,71.93905025513328,94.12314753764645,80.39297679165065,79.8753653618603,65.69472392621905,51.86306471571652,52.11045415644966,54.42115390632122,32.78531936552348,27.808985379009947,51.86482806239014,46.542983039312,56.78623049208097,74.93861509776508,53.23580483553664,51.17005747850722,52.86082116039742,47.76045863367725,69.10581795009578,44.03532587037954,50.63690389965562,49.81801872626359,57.21630703720916,57.23592915185298,54.22028314231573,70.93011690352473,74.89648769805324,2024-10-28,F1042-01
F10000026,73.97357396855418,64.74579979780279,69.38363092829266,80.45792158817966,79.57394721079828,82.10990043646575,79.79225386818354,89.56932198124224,68.76867027493883,83.82049069872176,79.6490148606351,82.29271195078367,73.10747701130931,78.96947103784281,86.58969425200834,76.92363273951578,77.10842338561471,78.99360888872586,87.49828731003511,90.05222035502722,66.93126160318153,78.9422337571234,79.7921046588912,85.27530009507079,78.26289126055147,80.39297679165065,79.8753653618603,74.02805725955238,68.52973138238318,77.11045415644966,71.0878205729879,66.11865269885679,69.47565204567661,76.86482806239013,71.54298303931199,73.45289715874763,83.27194843109842,69.9024715022033,59.50339081184054,77.86082116039742,72.76045863367726,69.10581795009578,69.03532587037954,75.63690389965562,74.81801872626359,82.21630703720916,73.90259581851964,62.55361647564905,79.26345023685808,74.89648769805324,2024-10-28,F1042-01
F10000044,46.693608105244564,33.02113510661302,34.301186011912975,42.665321029074626,43.093590126339706,67.06384843312219,55.28802047859597,37.87400799728151,42.99846302892064,61.12233890839342,42.99360423655233,79.2952443100305,62.81730859851055,64.4710456774336,47.862644575056734,74.33882009652842,55.3687724146802,55.58168552722387,89.86136377222928,54.1800342070802,48.68293455466858,62.42851664261867,68.17460644034526,58.860747351969415,68.12333425430992,55.39297679165065,54.8753653618603,57.36139059288572,43.52973138238318,60.443787489783,46.08782057298789,49.45198603219014,44.47565204567661,51.86482806239014,46.542983039312,40.11956382541429,58.27194843109842,53.23580483553664,42.83672414517388,44.52748782706408,47.76045863367725,60.77248461676247,44.03532587037954,92.3035705663223,41.484685392930245,57.21630703720916,57.23592915185298,62.55361647564905,54.26345023685808,49.896487698053235,2024-10-28,F1042-01
F10000019,48.48875094040853,37.7806807785342,35.190496872146035,47.77241649544913,45.707576207886774,59.529037192163166,47.31445362309481,34.7491104626808,42.86308596738016,60.04436464493601,35.90158117988617,73.68267452609904,70.00788662471253,65.84907190609873,48.430248519124945,69.3744138240859,46.607714039673944,52.18543716540726,75.47724547093843,48.39082160103148,39.06213794683293,51.94274033452171,55.12164005153579,60.1780986824943,57.49027042861538,30.392976791650653,38.20869869519363,49.02805725955238,26.863064715716515,35.443787489783,37.754487239654544,49.45198603219014,27.808985379009947,35.198161395723474,29.876316372645334,31.78623049208097,58.27194843109842,53.23580483553664,34.50339081184054,27.860821160397418,22.760458633677253,27.439151283429133,27.368659203712873,50.63690389965562,24.81801872626359,40.5496403705425,23.902595818519643,37.55361647564905,37.59678357019141,33.22982103138657,2024-10-28,F1042-01
F10000009,59.29705695222952,45.43343054685581,60.327407448343486,48.665745416740016,35.889912403609614,57.52744637534191,58.91873198465657,37.01361450916693,48.96340714142231,31.60538557413102,35.88742468198863,68.50792283984663,53.83712146494415,51.41177504472506,61.041565880150486,44.24771774119369,75.99151158416439,47.584827664521484,52.86991467750377,43.40343427392221,36.38153043178149,52.92784852547205,40.73044769533068,35.591676932478016,57.01463166058193,63.72631012498399,88.20869869519362,74.02805725955238,43.52973138238318,52.11045415644966,37.754487239654544,57.78531936552348,19.47565204567661,76.86482806239013,38.209649705978656,40.11956382541429,83.27194843109842,61.569138168869976,51.17005747850722,69.52748782706408,22.760458633677253,94.10581795009581,52.36865920371287,75.63690389965562,49.81801872626359,57.21630703720916,48.90259581851964,45.88694980898239,54.26345023685808,83.22982103138656,2024-10-28,F1042-01
F10000014,61.133619806218796,48.6193142629021,45.084474275918325,65.55020445998096,61.48724254330928,62.98017615947571,57.67199955152494,32.45233329795756,47.59618467809001,63.68796968103676,33.76203534156278,71.78834473221916,73.34712658361119,66.08213326597465,42.711410150646564,68.82247493120875,52.54924788364496,50.27669971629841,74.15392662857309,53.94849539835615,51.66057139155225,67.30597399918734,47.147042420172255,62.119430953810756,58.45202492221498,55.39297679165065,54.8753653618603,65.69472392621905,43.52973138238318,60.443787489783,54.42115390632122,49.45198603219014,19.47565204567661,35.198161395723474,54.876316372645334,48.45289715874763,91.60528176443175,53.23580483553664,59.50339081184054,52.86082116039742,56.09379196701059,35.77248461676247,44.03532587037954,92.3035705663223,58.151352059596924,57.21630703720916,40.5692624851863,45.88694980898239,79.26345023685808,74.89648769805324,2024-10-28,F1042-01
F10000027,87.02892727602706,73.99521632930455,69.40645004317216,81.30158548080733,76.62217898212228,74.51798729350591,92.0358184164333,69.32258388663988,68.50578824456205,60.73955983221154,71.2916574850723,72.61984162661153,86.11274859007781,81.01434150094795,81.18673753654258,72.49052513099458,61.10088489518912,78.50207872685198,72.50979259507398,89.35802081881772,65.89922711898566,84.77050673007234,60.072295040595925,65.3873344251535,83.75969231712986,80.39297679165065,79.8753653618603,74.02805725955238,60.19639804904984,68.77712082311632,46.08782057298789,66.11865269885679,27.808985379009947,35.198161395723474,21.542983039312,56.78623049208097,33.27194843109842,36.569138168869976,59.50339081184054,52.86082116039742,47.76045863367725,27.439151283429133,35.701992537046195,50.63690389965562,49.81801872626359,48.88297370387582,40.5692624851863,37.55361647564905,45.930116903524734,66.56315436471989,2024-10-28,F1042-01
F10000004,64.67332042863059,63.26171103767383,52.94219094894883,61.89910659164445,56.892687034032264,73.11177555462909,60.69697690031116,38.72360396609805,59.12687821333171,45.91027355645198,40.962375853120015,77.24851134902791,55.67775752366997,60.693055333912845,49.17855658216687,58.67131680121774,49.56456251622077,53.73374108519266,50.38146645034685,68.54617639064514,49.86982683256549,65.81717148935891,42.33245076932325,58.71113228575208,71.11342941103379,55.39297679165065,54.8753653618603,32.36139059288572,26.863064715716515,43.77712082311632,29.421153906321226,41.1186526988568,19.47565204567661,35.198161395723474,21.542983039312,31.78623049208097,58.27194843109842,28.23580483553664,51.17005747850722,44.52748782706408,39.42712530034391,27.439151283429133,19.035325870379538,42.30357056632228,41.484685392930245,40.5496403705425,40.5692624851863,20.88694980898239,37.59678357019141,49.896487698053235,2024-10-28,F1042-01
F10000041,104.38329878109212,76.04244042018667,74.37319550483312,73.04890664980186,84.41830342389314,90.34241923628656,93.57060648816407,66.10708298797749,66.14727358316708,85.53621085150212,69.23103777504718,84.3443229732299,85.28739109703737,88.03637997799329,90.62203956051195,88.31344554160033,69.84253931863873,83.67444697428674,101.89938593983089,57.582289333289694,82.75287629111017,87.30907704586278,74.52083637709238,79.21913594115846,69.55698485263295,63.72631012498399,71.54203202852696,49.02805725955238,43.52973138238318,68.77712082311632,62.754487239654544,66.11865269885679,52.80898537900995,43.531494729056796,54.876316372645334,48.45289715874763,74.93861509776508,53.23580483553664,51.17005747850722,44.52748782706408,64.42712530034392,44.10581795009579,52.36865920371287,100.63690389965562,41.484685392930245,65.54964037054249,57.23592915185298,54.22028314231573,70.93011690352473,66.56315436471989,2024-10-28,F1042-01
F10000033,77.13377063372732,54.1277042033766,63.602000008290986,60.28950652383139,61.36420488716247,87.53271589707626,82.37957714271495,61.44237960822398,62.244444897397045,76.23280606390128,62.14050274254887,82.04270472936192,84.13983859565334,70.21157207501784,60.41135780317851,71.89894336597543,46.139205484337914,82.51107241861774,96.37547386114358,39.61625798471863,76.20930759475343,65.19977432253823,77.32848967732778,70.09996271511898,57.409317012850636,88.72631012498398,88.20869869519362,107.36139059288573,76.8630647157165,85.44378748978299,87.75448723965458,99.45198603219013,69.47565204567661,76.86482806239013,79.87631637264533,98.45289715874763,91.60528176443175,78.23580483553664,84.50339081184056,69.52748782706408,89.42712530034395,69.10581795009578,77.36865920371287,100.63690389965562,74.81801872626359,90.54964037054249,82.23592915185297,95.8869498089824,87.5967835701914,99.89648769805324,2024-10-28,F1042-01
F10000028,81.38474277541555,65.69079373541572,51.039608968312464,63.819045607552425,58.177685131721006,71.67767078741407,81.10754662351928,62.04719065900054,49.84961179794889,82.48978052969281,65.77181398739063,77.39693933769799,76.62690550084764,65.60467753425499,62.36548031869366,61.90426714218449,58.84493249922807,67.64647314861493,91.8123934911625,45.493535600240484,67.04905214301755,57.437542048588455,55.42770458783179,60.49640442348899,66.67967545364309,72.05964345831731,79.8753653618603,74.02805725955238,43.52973138238318,77.11045415644966,79.42115390632122,32.78531936552348,36.14231871234327,76.86482806239013,79.87631637264533,56.78623049208097,83.27194843109842,86.56913816886997,51.17005747850722,52.86082116039742,81.09379196701059,60.77248461676247,60.701992537046195,83.97023723298895,33.151352059596924,90.54964037054249,73.90259581851964,54.22028314231573,62.59678357019141,74.89648769805324,2024-10-28,F1042-01
F10000020,105.27820850329122,83.44595228269446,69.67644850796616,91.6165709572638,86.60953070636934,85.09339381803385,78.01086151094347,54.06229303226947,62.25743985967337,80.00724207017373,74.37351103944422,85.86585210338174,73.703540699502,82.93985842429362,88.97522860665316,83.84767424581175,57.57627609333183,79.7878312523422,98.50059617515568,92.49038161343711,82.06101207480754,92.17795986474582,57.825313588234486,78.92617923932775,75.44028208654858,88.72631012498398,96.54203202852699,90.69472392621905,35.19639804904984,93.77712082311635,54.42115390632122,91.11865269885682,36.14231871234327,43.531494729056796,54.876316372645334,65.11956382541429,58.27194843109842,19.90247150220331,84.50339081184056,77.86082116039742,97.76045863367726,2.4391512834291325,85.70199253704622,100.63690389965562,41.484685392930245,73.88297370387582,82.23592915185297,87.55361647564908,95.93011690352476,91.56315436471992,2024-10-28,F1042-01
F10000029,100.07774342014194,84.64195107654868,66.17200574724065,83.90759432822665,83.77605771574237,88.39590916709875,83.2034462485191,61.40297471911661,58.44375321491921,74.88062354120945,58.81087538030827,89.85597379416784,84.76682457904553,86.30013905839532,85.61197087636717,79.17554573295638,50.87406812517114,81.67694957427827,100.25363789529413,80.10348030852685,80.57898059182034,86.17492971905213,66.1397445600385,71.02881569633315,63.001803451741694,80.39297679165065,88.20869869519362,74.02805725955238,51.86306471571652,93.77712082311635,71.0878205729879,82.78531936552346,69.47565204567661,76.86482806239013,88.20964970597868,81.78623049208096,99.93861509776511,86.56913816886997,76.1700574785072,77.86082116039742,89.42712530034395,85.77248461676245,77.36865920371287,100.63690389965562,83.15135205959692,82.21630703720916,73.90259581851964,87.55361647564908,95.93011690352476,99.89648769805324,2024-10-28,F1042-01
F10000022,50.42584716167314,27.747492808029044,46.39632706891519,43.812164769616295,42.586419637633455,44.79547028684835,43.960738304333304,46.4013207383574,34.155021602884126,55.5110001787629,43.831082272959044,59.14509915462708,54.57092551111844,36.34695073076878,58.05204611259766,62.67181562187326,74.01358077522465,52.37491602428566,94.30727507667912,41.43749950460521,32.915397720871766,51.25518125352794,62.67621556403493,44.48647486413393,49.1919889135671,55.39297679165065,79.8753653618603,82.36139059288573,35.19639804904984,60.443787489783,46.08782057298789,57.78531936552348,11.142318712343279,35.198161395723474,38.209649705978656,23.452897158747636,49.93861509776508,36.569138168869976,51.17005747850722,86.19415449373075,31.09379196701059,60.77248461676247,44.03532587037954,67.30357056632228,41.484685392930245,23.882973703875827,32.23592915185298,12.553616475649058,37.59678357019141,83.22982103138656,2024-10-28,F1042-01
F10000031,92.31282000787154,83.38222932606539,70.12371810032815,88.96865246916431,89.39748133714191,84.5060918439214,94.27214305896202,78.79705852235888,78.87206238048097,79.21123968495282,64.8621236350028,91.53383166623347,80.18728264521236,88.63889765774509,85.55617235508105,74.39279429244557,82.93645995821208,82.81375288329481,87.06239692225279,92.85781061027294,83.97572854114367,92.78721439431557,59.57969668629248,89.25714473741634,85.64901664838403,80.39297679165065,63.20869869519363,57.36139059288572,76.8630647157165,68.77712082311632,62.754487239654544,82.78531936552346,69.47565204567661,93.53149472905682,46.542983039312,48.45289715874763,91.60528176443175,94.90247150220333,92.83672414517387,102.86082116039742,97.76045863367726,85.77248461676245,85.70199253704622,100.63690389965562,99.81801872626359,90.54964037054249,82.23592915185297,54.22028314231573,70.93011690352473,49.896487698053235,2024-10-28,F1042-01
F10000035,85.21329269363785,45.11693276472338,72.04960391692276,82.98943113139275,63.497815540751375,73.8603256948598,69.1633409316918,42.291107879083235,46.90807094973694,60.22627320572303,59.608673030616394,60.144491082087924,54.4268069987556,51.53133416291579,61.43312980127549,49.072403614207204,24.334078990434122,66.10462876042952,83.96854985587116,38.61299849828269,56.9863511742288,43.88682075407878,64.7507519350693,54.73582967263349,63.63184242755215,97.05964345831734,63.20869869519363,82.36139059288573,60.19639804904984,68.77712082311632,37.754487239654544,91.11865269885682,27.808985379009947,51.86482806239014,63.209649705978656,81.78623049208096,83.27194843109842,61.569138168869976,59.50339081184054,36.19415449373075,47.76045863367725,27.439151283429133,44.03532587037954,83.97023723298895,8.15135205959692,65.54964037054249,48.90259581851964,70.8869498089824,70.93011690352473,74.89648769805324,2024-10-28,F1042-01
F10000010,97.07612883941309,74.20108238591746,72.87535769088578,82.83731210494108,75.38289135048142,86.48860407847944,76.62937822502298,50.1607756603229,67.89916372730738,83.59563953700477,81.35514037234617,76.52527707296203,75.4652386576144,87.73687497260633,69.41632579655005,67.21020983308576,51.85949716933268,77.21515172705332,91.93387673844887,69.48120495465268,71.1633847309199,77.04788377594255,52.720189265812536,74.24211507009426,77.55727548166037,105.39297679165065,104.8753653618603,90.69472392621905,68.52973138238318,93.77712082311635,96.0878205729879,82.78531936552346,52.80898537900995,85.19816139572346,88.20964970597868,73.45289715874763,108.27194843109842,78.23580483553664,92.83672414517387,69.52748782706408,72.76045863367726,44.10581795009579,69.03532587037954,100.63690389965562,66.48468539293025,82.21630703720916,57.23592915185298,54.22028314231573,79.26345023685808,83.22982103138656,2024-10-28,F1042-01
F10000036,97.78739616068579,79.29589881369591,81.89519936035055,89.1079552724512,87.18505569804672,89.21874159303994,93.58076413765662,77.42844511833337,79.01282320725744,82.0015162450425,76.00805659466832,83.73563762824902,86.97184341932476,77.97799910585682,88.54692839336458,86.7177652319748,73.03674890021807,87.81116768519149,97.83123992712692,95.13687339616028,87.13290325145941,91.58220467062571,70.12816595544638,84.35496387267152,77.01818130686908,88.72631012498398,71.54203202852696,90.69472392621905,51.86306471571652,68.77712082311632,62.754487239654544,99.45198603219013,61.14231871234327,60.198161395723474,71.54298303931199,73.45289715874763,49.93861509776508,36.569138168869976,51.17005747850722,44.52748782706408,39.42712530034391,27.439151283429133,44.03532587037954,75.63690389965562,66.48468539293025,82.21630703720916,73.90259581851964,45.88694980898239,45.930116903524734,58.22982103138657,2024-10-28,F1042-01
F10000038,80.6463048987687,61.315607368729566,63.77207655578457,75.09308758357481,55.02930403494639,76.80589759298067,81.77660148702618,72.84840973691904,64.19258852917373,67.75263372353307,57.726696852483734,74.96918893094869,54.91386444977066,60.44110285633533,63.47151937714892,44.0651600970581,23.956853701174488,59.82868535702603,59.05801639630628,41.98819991600734,47.2148249871572,44.90778033582104,45.25979496067294,40.58928072662223,43.65566316518608,63.72631012498399,63.20869869519363,49.02805725955238,68.52973138238318,60.443787489783,54.42115390632122,66.11865269885679,52.80898537900995,51.86482806239014,38.209649705978656,48.45289715874763,66.60528176443175,53.23580483553664,34.50339081184054,52.86082116039742,39.42712530034391,44.10581795009579,44.03532587037954,50.63690389965562,49.81801872626359,57.21630703720916,48.90259581851964,37.55361647564905,29.263450236858077,41.56315436471989,2024-10-28,F1042-01
F10000055,70.817262378716,54.27641470933535,61.70582162328591,71.60664230618765,69.98335589159,78.14955262982271,72.1979928573183,69.94814405170631,71.03643395987135,70.56052479755392,61.034008445818664,76.58313725094717,71.11024317208471,58.996973923389994,48.37129762120893,54.93429176142405,56.691839386360606,57.32497881233333,63.81181465421483,60.064057041445,43.332687727967865,56.67403540270746,50.02026545308795,73.8389803586148,67.59106015850193,80.39297679165065,63.20869869519363,57.36139059288572,60.19639804904984,60.443787489783,46.08782057298789,57.78531936552348,44.47565204567661,60.198161395723474,38.209649705978656,56.78623049208097,66.60528176443175,53.23580483553664,51.17005747850722,44.52748782706408,64.42712530034392,60.77248461676247,69.03532587037954,83.97023723298895,58.151352059596924,65.54964037054249,57.23592915185298,54.22028314231573,70.93011690352473,74.89648769805324,2024-10-28,F1042-01
F10000006,52.23746251323344,33.50067515486328,47.70533255583948,36.76826274773051,47.27065402150215,44.363949915187625,73.05331613911335,39.00954228362994,32.288515314661964,40.51107926678547,35.63539809013022,51.694005695021055,46.58325287139768,34.815634090733646,47.59185123811483,72.17733896308276,74.2567212941182,38.92190670758683,63.842557367511525,54.69297984448806,35.16842494094944,57.323530067355065,40.606551792346295,52.44270956207318,71.31186875420543,55.39297679165065,63.20869869519363,49.02805725955238,51.86306471571652,68.77712082311632,54.42115390632122,74.45198603219013,27.808985379009947,68.53149472905679,46.542983039312,48.45289715874763,83.27194843109842,69.9024715022033,59.50339081184054,61.19415449373075,97.76045863367726,94.10581795009581,52.36865920371287,67.30357056632228,66.48468539293025,57.21630703720916,57.23592915185298,37.55361647564905,62.59678357019141,66.56315436471989,2024-10-28,F1042-01
F10000015,75.26086296549315,64.62984511606805,49.80847088888435,66.71100095734626,74.46474458300658,80.1634026626128,75.21686622312312,74.60565483436707,63.97634337378537,80.99271794234228,60.30998112001351,78.60626016786304,71.05315790670114,72.4457750836352,72.55631908868453,72.58480541319402,55.992459550475836,72.85373173779081,82.33876244632943,67.51063625393965,67.03349992432013,68.56088687205614,57.413889593842974,75.19627013353747,80.08960173375428,80.39297679165065,104.8753653618603,82.36139059288573,60.19639804904984,60.443787489783,96.0878205729879,74.45198603219013,61.14231871234327,76.86482806239013,79.87631637264533,73.45289715874763,99.93861509776511,103.23580483553664,92.83672414517387,61.19415449373075,72.76045863367726,85.77248461676245,60.701992537046195,100.63690389965562,58.151352059596924,82.21630703720916,90.56926248518633,70.8869498089824,95.93011690352476,91.56315436471992,2024-10-28,F1042-01
F10000045,74.57127590243952,68.3590466965386,64.16651977721823,68.3952563909489,71.84326523544642,79.70532267169293,76.91657582978615,74.69418371126804,68.83508899616712,83.53943566158478,62.426989127484724,81.03192743929968,80.05416337820296,78.40552808782381,86.426376390719,88.25950766491523,82.84032632835124,80.08212977843174,89.91223732525133,79.39230991518025,74.27297287481693,83.43528014998633,62.7823695340487,79.40561464221547,76.52180220746106,55.39297679165065,63.20869869519363,82.36139059288573,68.52973138238318,77.11045415644966,54.42115390632122,57.78531936552348,44.47565204567661,68.53149472905679,71.54298303931199,65.11956382541429,91.60528176443175,86.56913816886997,42.83672414517388,77.86082116039742,72.76045863367726,60.77248461676247,52.36865920371287,75.63690389965562,58.151352059596924,57.21630703720916,48.90259581851964,29.220283142315726,87.5967835701914,33.22982103138657,2024-10-28,F1042-01
F10000032,75.30046705273698,66.98372088737085,54.120159723672145,82.22802976094053,79.64850365122868,78.92118760845247,74.69312182252382,67.2674190957895,55.68597886238966,63.163067377283426,72.45864246957365,75.92269153213388,75.96897289110375,59.66964053051408,72.2973225525337,85.56058322841538,54.16009876410498,74.01083664997367,93.42041998575034,59.57014248025898,54.64512294591561,67.7866678813124,74.44775826046641,70.8979475606657,55.714607711494104,97.05964345831734,96.54203202852699,90.69472392621905,85.19639804904986,93.77712082311635,87.75448723965458,82.78531936552346,86.1423187123433,93.53149472905682,79.87631637264533,98.45289715874763,99.93861509776511,78.23580483553664,76.1700574785072,94.5274878270641,89.42712530034395,77.43915128342913,85.70199253704622,100.63690389965562,74.81801872626359,98.88297370387585,90.56926248518633,95.8869498089824,87.5967835701914,83.22982103138656,2024-10-28,F1042-01
F10000034,67.1323469054492,46.37759236314715,70.73562668843785,58.81912385684502,66.02367885227525,59.65516382773328,63.74502725380876,58.22106541915408,58.42551008826135,71.21325642196874,70.09962449530585,60.466973319211796,59.55456506121549,58.01250143328573,66.01302309239051,61.90469883625649,63.82382533975565,59.59883530528592,72.30344386548613,62.531702443312454,59.506666201802645,68.19237873573103,62.06143101989659,75.16265958945415,79.64069783491192,80.39297679165065,88.20869869519362,82.36139059288573,60.19639804904984,68.77712082311632,54.42115390632122,57.78531936552348,44.47565204567661,51.86482806239014,79.87631637264533,81.78623049208096,58.27194843109842,44.9024715022033,34.50339081184054,69.52748782706408,64.42712530034392,77.43915128342913,60.701992537046195,75.63690389965562,58.151352059596924,65.54964037054249,65.5692624851863,62.55361647564905,54.26345023685808,66.56315436471989,2024-10-28,F1042-01
F10000046,56.70541108738912,54.92283049611064,76.79788877672715,50.8260951983533,51.66325060228212,64.62252401889133,67.71316701053617,37.496061107074866,57.18740622728599,71.10402617451956,55.182493765331174,63.875938687468626,73.13219144824492,49.533493712588616,45.968715645022364,36.991843315427346,19.118686520044406,62.33340217249236,80.24590041922151,26.34377987003202,57.19593618280834,55.54592922436342,39.20990915338619,53.602656327297,65.3397965806077,63.72631012498399,71.54203202852696,57.36139059288572,60.19639804904984,68.77712082311632,54.42115390632122,57.78531936552348,19.47565204567661,51.86482806239014,54.876316372645334,90.11956382541432,74.93861509776508,69.9024715022033,59.50339081184054,36.19415449373075,31.09379196701059,27.439151283429133,44.03532587037954,83.97023723298895,33.151352059596924,73.88297370387582,40.5692624851863,45.88694980898239,54.26345023685808,49.896487698053235,2024-10-28,F1042-01
F10000016,76.84368589824903,62.788346637790276,63.88780771509203,66.79271687751225,67.31515280344063,91.06808386015753,69.23965765942157,61.6484847885783,62.977214467264844,89.83769705523184,58.76813530372868,90.16984039783976,63.917582624769594,73.02376841798991,85.44909356386768,81.37363802696812,79.98553873956328,76.32818695486515,91.59477448837171,89.13377202816997,73.36817562856959,88.18257001712618,66.4078203144065,90.31752056741921,74.93427959394624,47.05964345831731,46.542032028526954,49.02805725955238,35.19639804904984,60.443787489783,62.754487239654544,41.1186526988568,19.47565204567661,43.531494729056796,63.209649705978656,40.11956382541429,58.27194843109842,19.90247150220331,34.50339081184054,61.19415449373075,72.76045863367726,94.10581795009581,27.368659203712873,100.63690389965562,49.81801872626359,48.88297370387582,48.90259581851964,29.220283142315726,54.26345023685808,66.56315436471989,2024-10-28,F1042-01
